,Model,Human
0,0.0,-0.2289610171
1,0.0,-0.3294771339
2,0.0,-0.1701839804
3,0.0,-0.4354430304
4,0.0,0.1514241802
5,0.0,-0.3380382896
6,,-0.4135898218
7,0.0,0.1817510244
8,,1.316889335
9,0.0,-1.067777554
10,,1.084167226
11,0.0,-0.6020125677
12,,-0.5045297062
13,0.0,0.4754726542
14,,1.300486863
15,0.0,-0.9586104462
16,,0.8421183057
17,0.0,-0.5780319782
18,,-0.5385557862
19,0.0,0.5209050639
20,,1.30403963
21,0.0,-1.139407288
22,,-0.6703821361
23,0.0,0.4610981216
24,,0.877161003
25,0.0,-0.511273971
